Generation, AverageFitness, BestFitness, WorstFitness, StdFitness
0,9.4375,26,1,6.518903
1,6.8125,15,2,3.97207
2,1.5625,5,0,1.69443
3,2,6,0,2
4,2.8125,7,0,2.127756
5,1.1875,6,0,1.628602
6,1.625,6,0,1.690969
Fitness ,HealthPoint,AttackPoint,FireRate,MagazineSize,ReloadTime,BulletSpeed,MoveSpeed,RotateSpeed,ViewDistance
26,6,16,4,9,14,11,2, 19,19
15,13,19,9,13,18,1,13, 7,7
5,6,16,4,9,14,11,2, 19,19
6,5,18,4,17,12,12,12, 12,8
7,5,18,4,17,12,12,12, 12,8
6,17,7,9,7,13,20,13, 9,5
6,5,18,4,17,12,12,12, 12,8
